Time_s,Altitude_m,Mach,DynamicPressure_Pa,Velocity_ms,AirDensity_kgm3,AirTemperature_K
0,9000,7.99885973046857,1376868.42111535,2430,0.466347752244865,229.65
5.19306456362299e-08,9000,7.99885972894843,1376868.42059202,2429.99999953819,0.466347752244865,229.65
1.0386129127246e-07,9000,7.99885972742829,1376868.42006869,2429.99999907639,0.466347752244865,229.65
1.5579193690869e-07,9000,7.99885972590816,1376868.41954536,2429.99999861458,0.466347752244865,229.65
2.0772258254492e-07,9000,7.99885972438802,1376868.41902203,2429.99999815277,0.466347752244865,229.65
4.67375810726069e-07,9000,7.99885971678734,1376868.41640537,2429.99999584374,0.466347752244865,229.65
7.27029038907219e-07,9000,7.99885970918667,1376868.41378871,2429.9999935347,0.466347752244864,229.65
9.86682267088368e-07,9000.00000000001,7.99885970158599,1376868.41117205,2429.99999122567,0.466347752244864,229.65
1.24633549526952e-06,9000.00000000001,7.99885969398531,1376868.4085554,2429.99998891663,0.466347752244864,229.65
2.54460163617526e-06,9000.00000000005,7.99885965598193,1376868.39547211,2429.99997737146,0.466347752244862,229.65
3.84286777708101e-06,9000.00000000011,7.99885961797855,1376868.38238882,2429.99996582628,0.466347752244858,229.649999999999
5.14113391798676e-06,9000.00000000019,7.99885957997517,1376868.36930553,2429.99995428111,0.466347752244854,229.649999999999
6.43940005889251e-06,9000.00000000029,7.99885954197179,1376868.35622223,2429.99994273593,0.466347752244848,229.649999999998
1.29307307634212e-05,9000.00000000119,7.99885935195496,1376868.29080568,2429.99988501006,0.466347752244798,229.649999999992
1.942206146795e-05,9000.00000000268,7.9988591619382,1376868.22538903,2429.99982728419,0.466347752244714,229.649999999983
2.59133921724787e-05,9000.00000000477,7.9988589719215,1376868.15997229,2429.99976955832,0.466347752244596,229.649999999969
3.24047228770074e-05,9000.00000000746,7.99885878190488,1376868.09455545,2429.99971183245,0.466347752244445,229.649999999951
6.48613763996511e-05,9000.00000002988,7.99885783182287,1376867.76746982,2429.99942320313,0.466347752243186,229.649999999806
9.73180299222948e-05,9000.00000006726,7.99885688174266,1376867.44038178,2429.99913457384,0.466347752241086,229.649999999563
0.000129774683444938,9000.00000011961,7.99885593166425,1376867.11329133,2429.99884594459,0.466347752238146,229.649999999223
0.000162231336967582,9000.00000018692,7.99885498158765,1376866.78619848,2429.99855731536,0.466347752234364,229.649999998785
0.000324514604580801,9000.00000074791,7.99885023123168,1376865.15069815,2429.99711416975,0.46634775220285,229.649999995139
0.000486797872194019,9000.00000168297,7.99884548092079,1376863.5151377,2429.99567102497,0.466347752150323,229.649999989061
0.000649081139807237,9000.0000029921,7.99884073065497,1376861.87951711,2429.99422788102,0.466347752076781,229.649999980551
0.000811364407420456,9000.00000467531,7.99883598043424,1376860.2438364,2429.9927847379,0.466347751982227,229.64999996961
0.00162278074548655,9000.00001870233,7.99881223000677,1376852.06453094,2429.98556903477,0.466347751194254,229.649999878435
0.00243419708355264,9000.0000420809,7.99878848070628,1376843.88372237,2429.97835335242,0.466347749880953,229.649999726474
0.00324561342161873,9000.0000748109,7.99876473253278,1376835.70141075,2429.97113769086,0.466347748042332,229.649999513729
0.00405702975968482,9000.00011689215,7.99874098548626,1376827.51759613,2429.9639220501,0.466347745678401,229.649999240201
0.00811411145001528,9000.00046756208,7.99862226715836,1376786.57598025,2429.92784415853,0.46634772597938,229.649996960846
0.0121711931403457,9000.00105199103,7.99850357700469,1376745.59679861,2429.89176678801,0.466347693148854,229.649993162058
0.0162282748306762,9000.00187016023,7.99838491502498,1376704.58005882,2429.85568993947,0.466347647187882,229.649987843958
0.0202853565210067,9000.0029220509,7.99826628121894,1376663.52576844,2429.81961361381,0.46634758809752,229.649981006669
0.040570764972659,9000.01168666821,7.99767353478362,1376457.69132368,2429.63923986087,0.466347095742005,229.649924036657
0.0608561734243113,9000.0262914995,7.99708149264641,1376250.91925441,2429.45887931732,0.466346275311261,229.649829105253
0.0811415818759636,9000.04673418642,7.99649015477053,1376043.21051267,2429.27853209742,0.466345126939095,229.649696227788
0.101426990327616,9000.0730123647,7.99589952111874,1375834.56605251,2429.09819831529,0.466343650760171,229.649525419629
0.202854032585877,9000.29185247088,7.99295691488647,1374777.3415052,2428.1967349576,0.466331357537248,229.648102958939
0.304281074844139,9000.65622183192,7.9900319084135,1373696.86824886,2427.29562459865,0.466310889838292,229.645734558092
0.4057081171024,9001.16581831408,7.987124496539,1372593.26776072,2426.39488137606,0.46628226545744,229.642422180958
0.507135159360662,9001.82033616542,7.98423467382051,1371466.66272292,2425.49451935467,0.466245502716792,229.638167814925
0.987785869006185,9006.8831131817,7.97077913980313,1365818.81434737,2421.23341879441,0.465961213250314,229.605259764319
1.46843657865171,9015.15928821421,7.95771777161332,1359670.71135826,2416.98265712858,0.465496767861056,229.551464626608
1.94908728829723,9026.61312899309,7.94504973301637,1353036.4203151,2412.7436622342,0.464854581406694,229.477014661545
2.42973799794275,9041.20726146024,7.93277404638501,1345930.49322159,2408.51782131682,0.46403730936871,229.382152800508
3.08383980390109,9066.04218586604,7.9166967144375,1335529.6714348,2402.79055981531,0.462649079938962,229.220725791871
3.73794160985943,9096.51756640467,7.9013406995387,1324322.18230716,2397.09342508754,0.460949902857749,229.02263581837
4.39204341581777,9132.52575327519,7.8867023122578,1312348.08706096,2391.4295429653,0.458948397781987,228.788582603711
5.04614522177611,9173.95465063846,7.8727774015811,1299648.32469001,2385.80188553965,0.45665381689746,228.51929477085
5.81202476034925,9229.19608320344,7.85737348139596,1283912.01062184,2379.26235496532,0.453607880454388,228.160225459178
6.57790429892238,9291.51565581342,7.84293326328685,1267305.62506442,2372.78063133774,0.450190349447475,227.755148237213
7.34378383749552,9360.71320277077,7.8294478057598,1249897.28062842,2366.36069646093,0.446418755105938,227.30536418199
8.10966337606865,9436.58295656208,7.81690739291415,1231755.09125635,2360.00623583784,0.442311326464709,226.812210782346
8.96967378196382,9529.46826406197,7.80393910414692,1210592.535752,2352.95302871862,0.437322147766334,226.208456283597
9.82968418785898,9630.19446995522,7.79213334468228,1188685.15832696,2345.99107779937,0.431960588040999,225.553735945291
10.6896945937541,9738.45008171748,7.78147315483374,1166126.22858285,2339.12434577693,0.426254464798443,224.850074468836
11.5497049996493,9853.91928817385,7.77194055691713,1143006.7412165,2332.35635343393,0.420231860639454,224.09952462687
12.5001003783528,9989.52980703601,7.76269484840468,1116911.7163293,2324.99564179598,0.413242096384765,223.218056254266
13.4504957570564,10133.1234991896,7.75477613127795,1090355.0180803,2317.7629454878,0.405938171759373,222.284697255268
14.4008911357599,10284.2626793245,7.74815627619033,1063446.51791706,2310.66132783302,0.39835755439293,221.302292584391
15.3512865144634,10442.5095267033,7.74280600524737,1036290.45822794,2303.6932914975,0.390536994584324,220.273688076429
15.8849865696845,10534.326408395,7.74034683515815,1020969.37433087,2299.83968293497,0.386053579817225,219.676878345432
16.4186866249056,10628.1692287611,7.73827292613163,1005617.9859289,2296.02912164641,0.381512036010719,219.066900013053
16.9523866801268,10723.9609424447,7.7365786616816,990252.271917997,2292.26184678527,0.376918445493731,218.444253874109
17.4860867353479,10821.6248610825,7.73525833801959,974887.580543092,2288.53805222405,0.372278758996434,217.809438402963
18.019786790569,10921.0855520837,7.73430271283256,959537.640925785,2284.85683876419,0.36759874830904,217.162943911456
18.5534868457901,11022.2659165148,7.73113554774267,943590.340647946,2281.22226719813,0.362642147504663,216.65
19.0871869010113,11125.0831663917,7.71899528537734,925501.660880459,2277.64004610443,0.356810000391547,216.65
19.6208869562324,11229.4493565917,7.70704339331153,907577.92321709,2274.11340734001,0.350985909239654,216.65
20.221134284255,11348.5664788043,7.69382913361258,887637.948040377,2270.2142823947,0.344454730386938,216.65
20.8213816122777,11469.4008361016,7.68085378623045,867949.889435866,2266.38565318622,0.337953558077076,216.65
21.4216289403004,11591.8274972262,7.66811494614775,848532.945154688,2262.62681006732,0.331491843555966,216.65
22.021876268323,11715.7238911653,7.65560998291248,829404.241466596,2258.93697687184,0.325078328945886,216.65
23.1072805098085,11943.1070984876,7.63358232833952,795593.996475443,2252.43728794573,0.313628901164898,216.65
24.1926847512939,12174.2131685475,7.6122918335421,762849.160811175,2246.15511238282,0.302405148299006,216.65
25.2780889927793,12408.3772244841,7.59171902859341,731226.209848388,2240.08470520164,0.291442486689626,216.65
26.3634932342647,12644.9625148398,7.57184331794583,700765.324078979,2234.21998928434,0.280770020075849,216.65
27.5325825472689,12901.7985476764,7.55119028094601,669285.208376944,2228.1259080723,0.26962599794683,216.65
28.7016718602732,13160.0093364365,7.53129362096522,639199.523861557,2222.25501064581,0.258868168016342,216.65
29.8707611732774,13418.9035603986,7.51212581159914,610510.404747233,2216.59917480265,0.24851278199194,216.65
31.0398504862816,13677.8266811736,7.49365931909035,583207.843797583,2211.15027617088,0.238570550686461,216.65
32.3666008286551,13970.9202884408,7.47351734950513,553877.286774618,2205.20699536313,0.227795336494185,216.65
33.6933511710287,14262.4003788651,7.45420406063109,526265.029119416,2199.50823295491,0.21756214073253,216.65
35.0201015134022,14551.4663055423,7.43568142350313,500319.384948933,2194.04276775868,0.207867765661755,216.65
36.3468518557758,14837.3705509139,7.41791267718357,475980.938402338,2188.79975274309,0.198704404849406,216.65
37.8961344152397,15166.2980057865,7.39807049027193,449507.596058608,2182.94492865765,0.188660713183109,216.65
39.4454169747037,15488.9331793783,7.37915433851129,425028.630807321,2177.36334929721,0.179302508283189,216.65
40.9946995341677,15804.3243117865,7.36111365787988,402432.488048797,2172.04009476136,0.17060327099025,216.65
42.5439820936316,16111.5980572049,7.343900903998,381607.144164193,2166.96113615396,0.162534008927039,216.65
44.4805641621498,16483.0585631191,7.3234817156394,357897.989959618,2160.93605654255,0.153287034674196,216.65
46.417146230668,16839.1681783739,7.30420600385757,336575.529061038,2155.24838198798,0.14491651363475,216.65
48.3537282991862,17178.6489003241,7.28599985439444,317443.239270874,2149.87630264741,0.137362799247763,216.65
50.2903103677044,17500.3613543805,7.26879561779827,300317.586421729,2144.79985723121,0.130568139718275,216.65
52.732125262132,17879.1219900948,7.24843578973826,281323.285407383,2138.79229303317,0.122998114884837,216.65
55.1739401565597,18226.2461653978,7.22945910272368,264945.474397716,2133.19285156588,0.11644645236446,216.65
57.6157550509874,18540.1919400909,7.21176458978648,250915.765803887,2127.97174055698,0.110822063749788,216.65
60.0575699454151,18819.6505578687,7.19526110873572,239001.016556016,2123.10206672617,0.106044463105946,216.65
62.1393822389184,19029.8443432186,7.18206943386448,230362.124480282,2119.20960587459,0.102587215744591,216.65
64.2211945324216,19213.5877230141,7.16963643383422,223009.209656192,2115.54100682572,0.0996574793579398,216.65
66.3030068259249,19370.388919774,7.15791771117573,216852.122800705,2112.08316924073,0.0972235874401047,216.65
68.3848191194281,19499.8411382118,7.14687127003868,211815.084417544,2108.82370142523,0.0952590690099469,216.65
70.2314640252369,19591.5159551842,7.13760314020444,208233.965644643,2106.08895902903,0.0938919033122798,216.65
72.0781089310457,19661.2318217434,7.12880545279929,205449.899090033,2103.49302984314,0.0928653657214556,216.65
73.9247538368545,19708.851192223,7.12045157833359,203435.317912534,2101.02805631747,0.0921706486657175,216.65
75.7713987426633,19734.2794346078,7.11251518101029,202169.79979785,2098.68626756167,0.0918018081204429,216.65
77.3910309313259,19738.2722416443,7.10587738873305,201665.611167992,2096.72765754192,0.0917440260729774,216.65
79.0106631199885,19725.1427635933,7.09952269939459,201722.286160811,2094.85258256354,0.0919341667302626,216.65
80.630295308651,19694.9046123971,7.0934329425667,202338.869548881,2093.05568108745,0.0923735748477467,216.65
82.2499274973136,19647.5954701727,7.08758956676673,203518.263621534,2091.33147913702,0.0930652686055709,216.65
83.7272910241969,19589.6062356957,7.08245824518679,205090.529087123,2089.81738266619,0.0939201822569955,216.65
85.2046545510802,19517.528878304,7.07750115426912,207144.568215004,2088.35469634901,0.0949937470193893,216.65
86.6820180779635,19431.4452923971,7.0727028003679,209690.982372098,2086.93884848323,0.096292021221306,216.65
88.1593816048468,19331.4550430395,7.06804707835139,212743.089035866,2085.56508693574,0.0978223204674038,216.65
89.8787271697028,19197.7343370125,7.0627860325076,216953.330737766,2084.0127127918,0.0999069244558558,216.65
91.5980727345589,19045.5555827693,7.05766754022342,221900.516200475,2082.5024018548,0.102333372325642,216.65
93.3174182994149,18875.1727323445,7.05266202935777,227620.009238075,2081.02542828799,0.105120074116101,216.65
95.036763864271,18686.8773822261,7.04773808935682,234152.54509008,2079.5725237951,0.10828810078386,216.65
96.9260780071886,18459.7068148774,7.04238156893561,242323.679276095,2077.99197801575,0.112237534164055,216.65
98.8153921501061,18211.8050591033,7.03703553598266,251601.5761434,2076.41452676837,0.116711925995409,216.65
100.704706293024,17943.7368686149,7.03164860755088,262063.399582093,2074.82500851267,0.121751247026365,216.65
102.594020435941,17656.1363672022,7.02616541484424,273794.430710609,2073.20708560595,0.127399943850251,216.65
104.647745609388,17322.179884453,7.02002612997292,288095.0219243,2071.39556991506,0.134288759967074,216.65
106.701470782835,16966.9991135807,7.01361946150147,304135.159269434,2069.50515748012,0.14202460785429,216.65
108.755195956281,16591.7366667917,7.00685509501738,322053.258872825,2067.50919927298,0.150682491527054,216.65
110.808921129728,16197.6626506452,6.99963532454138,341994.975473007,2065.37886523962,0.160343095623208,216.65
113.344579393798,15687.2615629258,6.98993635595854,369631.749515091,2062.51699547115,0.173781760183492,216.65
115.880237657868,15153.3001534345,6.97916805136406,400864.45797846,2059.339597265,0.189047791012697,216.65
118.415895921938,14599.1245339667,6.96709696771197,435959.053092668,2055.77778869932,0.206311462314522,216.65
120.951554186008,14028.4564601914,6.95347346403656,475145.697388022,2051.75790834026,0.225737943622753,216.65
122.472420886758,13679.9578014921,6.94444836738211,500685.514237756,2049.09487762186,0.23849039175594,216.65
123.993287587509,13327.9736353276,6.9347111717824,527778.016588229,2046.2217282268,0.252101777838504,216.65
125.51415428826,12973.5271443684,6.92420221641343,556426.334736056,2043.12085606583,0.26659350085244,216.65
127.03502098901,12617.6923538966,6.91286165361827,586614.301249751,2039.774601921,0.281979984568629,216.65
128.555887689761,12261.5942062514,6.90063006054986,618302.734579267,2036.1654319228,0.298266887780843,216.65
130.076754390511,11906.4157370848,6.88744907976918,651424.75092879,2032.27612657112,0.315448756904617,216.65
131.597621091262,11553.3832978471,6.87326282202519,685883.200744453,2028.09019465284,0.333507519938453,216.65
133.118487792012,11203.7593123089,6.85801869872905,721547.593173983,2023.59211887959,0.352410645845191,216.65
133.523475356165,11111.3982744116,6.85377415670921,731227.332123474,2022.33968400635,0.357580810056142,216.65
133.928462920318,11019.3960396451,6.84945252954362,740977.754399496,2021.06450365803,0.362806297130543,216.65
134.333450484471,10927.7756054906,6.83765542531684,749164.149633584,2019.76830455294,0.367285579127521,217.119458564311
134.738438048624,10836.5575688382,6.82389307245851,756923.336591563,2018.45345565053,0.371573225301783,217.712375802552
135.143425612777,10745.7599828402,6.81016601377982,764684.463940059,2017.12160548976,0.375879032291458,218.302560111539
135.548413176931,10655.3998968938,6.79647434893171,772444.516419132,2015.77248087744,0.380201885426752,218.88990067019
135.953400741084,10565.4945367413,6.78281899623395,780200.586502361,2014.40605167912,0.384540629721683,219.474285511182
136.358388305237,10476.0610413623,6.76920086571729,787949.725424909,2013.02229432176,0.388894082333177,220.055603231145
137.765894542753,10169.150883064,6.72217412155691,814784.793172338,2008.07820232114,0.404121230553071,222.050519260084
139.17340078027,9868.85146274155,6.67564499570427,841370.911393005,2002.92459822258,0.419457813187126,224.00246549218
140.580907017787,9575.85056752793,6.62964965244651,867575.31061163,1997.56243701903,0.434846976263527,225.906971311068
141.988413255303,9290.81162225222,6.58422295473367,893262.790718126,1991.99370025406,0.450228847454721,227.759724455361
143.372414262212,9018.91515546122,6.54014209521566,917885.005563673,1986.31942975324,0.465286111611799,229.527051489502
144.756415269121,8755.91529840461,6.49667511175284,941746.091305146,1980.45216813476,0.480214319834448,231.23655056037
146.140416276029,8502.36053904754,6.45385224354554,964718.859575078,1974.39673482862,0.494950669623571,232.884656496191
147.524417282938,8258.76306470961,6.41170240952038,986680.006652853,1968.1588676333,0.509431764748947,234.468040079387
148.824808755141,8039.37983194249,6.37273696530458,1006287.09309327,1962.13749564962,0.522748775180542,235.894031092374
150.125200227344,7829.57111252563,6.33441248052651,1024804.02086499,1955.96710275108,0.535732167680283,237.257787768583
151.425591699547,7629.6667229948,6.29675009926913,1042144.53132761,1949.65451185882,0.548330787683161,238.557166300534
152.72598317175,7439.96079485438,6.25976971863707,1058229.81200119,1943.20710285024,0.560495085907525,239.790254833447
153.956167196915,7270.11852042102,6.22543059810387,1072227.28717471,1936.99081865295,0.57155986732576,240.894229617263
155.18635122208,7109.82412515306,6.19173362373315,1084985.61923173,1930.66804470766,0.582155172682217,241.936143186505
156.416535247246,6959.23617910358,6.15869268507793,1096460.0110919,1924.24619548014,0.592245159293662,242.914964835827
157.646719272411,6818.48209780533,6.12632046771545,1106613.74427934,1917.7329447302,0.601796693805976,243.829866364265
158.81853503097,6693.64018256277,6.09611666503985,1115031.45318635,1911.45095827806,0.610366647350313,244.641338813342
159.990350789529,6577.86674401958,6.06653919508314,1122207.56656775,1905.10021955476,0.61839722798519,245.393866163873
161.162166548089,6471.19414752436,6.03759604832261,1128131.64010791,1898.68782893939,0.625867849358403,246.087238041092
162.333982306648,6373.6296036857,6.00929409189079,1132800.18094064,1892.22093667029,0.632760875738033,246.721407576043
163.45304636107,6288.94505587201,5.98282739247199,1136073.10003423,1885.98739785091,0.638790868779907,247.271857136832
164.572110415492,6212.52786325322,5.95684529073249,1138168.56084773,1879.68205281611,0.644269824911036,247.768568888854
165.691174469914,6144.33690389794,5.93133048000539,1139089.78389934,1873.3042188901,0.64918926557645,248.211810124663
166.810238524337,6084.31199462921,5.90628559700026,1138853.28549117,1866.85976486766,0.653543324788583,248.60197203491
168.020215308756,6028.50601944508,5.87974868177039,1137324.95038764,1859.82733998179,0.657611360225343,248.964710873607
169.230192093175,5982.02492525252,5.85378084250986,1134509.90114624,1852.73659210369,0.661014411327775,249.266837985859
170.440168877594,5944.71575279794,5.82838789966662,1130451.4379712,1845.59678910221,0.66375568592211,249.509347606813
171.650145662014,5916.40171233673,5.80357440685543,1125198.59791299,1838.41708087775,0.665841845172101,249.693388869811
172.622622015488,5900.03062691762,5.7840537581291,1120147.67132683,1832.62384239208,0.667050342005148,249.799800925035
173.595098368961,5889.22740899295,5.76491078141883,1114390.46750066,1826.81528036911,0.667848743066466,249.870021841546
174.567574722435,5883.870000174,5.74614609917534,1107958.84282245,1820.99590742956,0.668244948092993,249.904844998869
175.540051075909,5883.82874545423,5.72775978679605,1100885.98131469,1815.17012384524,0.668247999766811,249.905113154548
176.382120800662,5887.98208731195,5.71214436381008,1094270.02120608,1810.12369909788,0.667940824297022,249.878116432472
177.224190525415,5895.9256087624,5.69681169753057,1087221.85311156,1805.07840172711,0.667353633218115,249.826483543044
178.066260250168,5907.56275618379,5.68176087152712,1079764.70257374,1800.03686641831,0.666494119672212,249.750842084805
178.90832997492,5922.79386323507,5.66699066974697,1071922.05740246,1795.00164486896,0.665370438074731,249.651839888972
179.792601822655,5942.54458101601,5.65178064798413,1063297.30833217,1789.72357121755,0.663915479128887,249.523460223396
180.676873670389,5966.02301370942,5.63687633318185,1054301.09074915,1784.45794770416,0.662189081657217,249.370850410889
181.561145518123,5993.10407178895,5.62227529073943,1044960.88919263,1779.20742678714,0.660202046386722,249.194823533372
182.445417365857,6023.66019490393,5.60797474600682,1035304.02868348,1773.97454674549,0.657965513571016,248.996208733124
183.486044510943,6063.89401001708,5.59152627287824,1023570.77982604,1767.8422787625,0.655029475363872,248.734688934889
184.52667165603,6108.54488647185,5.5754840158547,1011480.07682916,1761.74156072004,0.651782850095795,248.444458237933
185.567298801116,6157.39432953484,5.55984175031867,999074.626985615,1755.67593078649,0.648245058186046,248.126936858023
186.607925946203,6210.22167927723,5.54459267963446,986396.068751122,1749.64869968027,0.644435730496254,247.783559084698
187.788350388744,6274.6796976249,5.52776172234244,971734.793599619,1742.86215804905,0.639810949430637,247.364581965438
188.968774831286,6343.6421874743,5.51141568338843,956831.239691563,1736.13318496266,0.634891137961553,246.916325781417
190.149199273828,6416.78091835076,5.49554221714082,941740.082799808,1729.46560957357,0.629705070233505,246.44092403072
191.32962371637,6493.76815890162,5.48012822450997,926513.378012919,1722.86290368101,0.624281191007837,245.940506967139
192.664242584359,6585.03655709212,5.46323679438844,909196.357054572,1715.47976860937,0.617897561643175,245.347262378901
193.998861452348,6680.33555118482,5.44689402192729,891836.372053846,1708.18759251595,0.611285437686083,244.727818917299
195.333480320338,6779.19877945773,5.43107797197178,874496.002504061,1700.98990475754,0.604483362427843,244.085207933525
196.668099188327,6881.16632240859,5.4157658674203,857233.061840861,1693.88973192408,0.597528517918103,243.422418904344
198.200099560018,7001.45526145907,5.39877994343129,837581.049938035,1685.8629882196,0.589402924354136,242.640540800516
199.732099931709,7124.56253003735,5.38239014878874,818174.202424435,1677.97126065634,0.581174754777419,241.840343554757
201.2641003034,7249.8289180362,5.3665587973181,799077.975849319,1670.21702910237,0.572892770556826,241.026112032765
202.796100675091,7376.61350959043,5.35124748183163,780350.243403612,1662.60210035713,0.564602655220375,240.202012187662
204.45124016385,7514.57671258905,5.33524480337749,760589.778880753,1654.53300006309,0.555686202030635,239.305251368171
206.106379652608,7652.82210714847,5.31975355492866,741374.216245059,1646.62865774615,0.546859970218102,238.406656303535
207.761519141367,7790.61455417791,5.30472357556113,722750.670153621,1638.88920594416,0.538169782305004,237.511005397844
209.416658630126,7927.24903684614,5.29010468915383,704758.309127914,1631.31415094903,0.529657338078459,236.6228812605
211.195471489603,8072.0304409631,5.27479449880601,686161.700012731,1623.3551289182,0.520750138063146,235.68180213374
212.97428434908,8213.8900229406,5.25983920176897,668362.853713373,1615.58280401764,0.512134291598529,234.759714850886
214.753097208558,8352.06390973336,5.24517761573473,651385.942820274,1607.99469234741,0.503847555601664,233.861584586733
216.531910068035,8485.83016710636,5.23074963072762,635248.271932105,1600.58780016408,0.495923265793682,232.992103913809
218.417077523652,8622.0252973961,5.21564831073444,619074.369484489,1592.93198413145,0.487953407075179,232.106835566925
220.30224497927,8751.73842947326,5.20067436925499,603863.581564619,1585.47122677499,0.480454322013402,231.263700208424
222.187412434887,8874.25300053996,5.1857612140536,589618.315982259,1578.20055644225,0.473452677959972,230.46735549649
224.072579890505,8988.90317362245,5.17084466755057,576336.435439176,1571.1146421936,0.466971439669339,229.722129371454
225.784871696828,9085.70425656658,5.15724112919234,565102.68177837,1564.83388341338,0.461552259417224,229.092922332317
227.497163503152,9175.07597043573,5.14353928059593,554652.818707261,1558.6964280174,0.456591833716487,228.512006192168
229.209455309475,9256.61888304106,5.12969657391501,544979.12072525,1552.69767490084,0.452101610607385,227.981977260233
230.921747115798,9329.96516959047,5.1156725538652,536072.670144191,1546.83287971729,0.448091672145554,227.505226397662
232.511303579547,9390.42244244195,5.10245791445371,528482.83317261,1541.50409552663,0.444806898841057,227.112254124127
234.100860043296,9443.27677591157,5.08902479491702,521537.629225641,1536.28252557993,0.441950330213246,226.768700956575
235.690416507045,9488.30161229728,5.0753457214252,515228.66078093,1531.16406966277,0.439528003698499,226.476039520068
237.279972970794,9525.29182899333,5.06139493277427,509547.428090142,1526.1445479562,0.437545549181232,226.235603111543
238.748718724221,9552.16882021086,5.04824203729797,504848.630266171,1521.590770742,0.436109399546731,226.060902668629
240.217464477648,9571.89799495329,5.03481883252232,500671.997269178,1517.1143853788,0.435057484834427,225.932663032804
241.686210231075,9584.36339829227,5.02110881236617,497011.145272955,1512.71189888886,0.43439385927121,225.8516379111
243.154955984502,9589.46347381493,5.00709673712179,493859.896735008,1508.37976201451,0.434122567907604,225.818487420203
243.61906207115,9589.52929574038,5.00260335624166,492969.003304125,1507.02471069103,0.434119067450052,225.818059577687
244.083168157799,9588.84835862129,4.99807973351271,492128.56256725,1505.67673358603,0.43415528122182,225.822485668962
244.547274244447,9587.41792117215,4.99352864495969,491339.051002903,1504.33668166324,0.43423136263828,225.831783512381
245.011380331095,9585.23509012282,4.98895102469995,490600.603287072,1503.00485304158,0.434347481660016,225.845971914202
245.475486417744,9582.29695008013,4.98434649110639,489913.107528272,1501.68114866147,0.434503817999701,225.865069824479
245.939592504392,9578.6007929257,4.97971470150414,489276.455230939,1500.36547541244,0.434700549026934,225.889094845983
246.40369859104,9574.14402271138,4.97505527200308,488690.532651062,1499.05772403468,0.434937854928482,225.918063852376
246.867804677689,9568.92417735331,4.97036783233699,488155.230007683,1497.75778516665,0.435215917650769,225.951992847203
248.069175873806,9551.85186189363,4.95810147357698,487003.933298569,1494.42831072752,0.43612631490845,226.062962897691
249.270547069923,9529.61493751083,4.94563930639971,486189.423049061,1491.14854784091,0.437314303652922,226.20750290618
250.47191826604,9502.18293305321,4.9329761442464,485710.182670624,1487.91658494227,0.43878324411148,226.385810935154
251.673289462157,9469.53114859546,4.92010738679286,485564.888572796,1484.73050413471,0.440536612750785,226.598047534129
253.118770227947,9423.29980370508,4.90434563135904,485831.11033738,1480.95512331967,0.443028352015626,226.898551275917
254.564250993737,9369.4623520499,4.88827446774039,486577.550434014,1477.23999768731,0.44594361204711,227.248494711676
256.009731759527,9308.00792989533,4.87188904405185,487803.008264829,1473.58172527679,0.449289238133405,227.64794845568
257.455212525317,9238.93702706889,4.85518560781764,489506.672647468,1469.97688350858,0.453072394362778,228.096909324052
259.091790566576,9151.55648876208,4.83588671010492,492012.241609438,1465.95561864763,0.457893268889635,228.664882823046
260.728368607835,9054.46196953128,4.81617433444354,495130.135566838,1461.99337089931,0.463295998120585,229.295997198047
262.364946649094,8947.70536637946,4.79604764177261,498860.747446561,1458.08503542994,0.469292510445029,229.989915118533
264.001524690353,8831.35600204894,4.77550728789777,503204.932603605,1454.22546578828,0.475895276384932,230.746185986682
265.80927477156,8691.79190553876,4.75234028270321,508718.1732028,1450.01265532351,0.483908959171109,231.653352613998
267.617024852766,8540.77061767452,4.72867567262296,514983.600912823,1445.8459232,0.492696373626844,232.634990985116
269.424774933972,8378.45798917374,4.704519798647,522003.540872544,1441.71811064935,0.502276358004306,233.690023070371
271.232525015178,8205.04386280648,4.67988064875298,529780.460249316,1437.6220042354,0.512668352701796,234.817214891758
273.213595204197,8002.50813026434,4.6523354675558,539175.169491302,1433.1609763276,0.52501284711985,236.133697153282
275.194665393215,7787.21162243435,4.62423558949554,549484.512043657,1428.71962500569,0.538383114967926,237.533124454177
277.175735582234,7559.50138265298,4.5955969640169,560710.417126648,1424.28821910682,0.552806137615854,239.013241012756
279.156805771252,7319.75546468169,4.56643702621355,572853.769386087,1419.85700822608,0.568309023773068,240.571589479569
281.344933336382,7041.45578637046,4.53364600500162,587331.853907087,1414.95114975689,0.58671968343903,242.380537388592
283.533060901513,6749.56810185424,4.50026859125658,602924.642315857,1410.02044209625,0.606515930149124,244.277807337947
285.721188466643,6444.72965941077,4.46633278480507,619624.884652417,1405.05177973068,0.62773188383017,246.25925721383
287.909316031774,6127.6155782687,4.43186761439788,637421.298244332,1400.03222675314,0.650399952567749,248.320498741253
290.109757895654,5797.05705917326,4.39670479673748,656407.001464947,1394.92024638514,0.674690266422067,250.469129115374
292.310199759535,5455.56911818152,4.36106784348916,676462.452270876,1389.73120011676,0.700506348986486,252.68880073182
294.510641623415,5103.94665809964,4.32498816902186,697558.991294448,1384.45274076963,0.727871417978509,254.974346722352
296.711083487296,4743.01027383022,4.28849742454627,719661.328630057,1379.07300796926,0.756804394802299,257.320433220104
297.533312615472,4605.92158475357,4.27476306111004,728169.908970675,1377.03447774615,0.768021000743533,258.211509699102
298.355541743648,4467.695612479,4.26097741764548,736810.505636122,1374.97964640041,0.779458982684791,259.109978518886
299.177770871824,4328.37774105764,4.24714216115204,745580.453152733,1372.90795671052,0.791118727446274,260.015544683125
300,4188.01366750616,4.23325895813565,754476.932162915,1370.81886532429,0.803000501301589,260.92791116121
